email,subject,messagessjhj@gmail.coms,hdj,mdsmbjhd
vineethpv.career@gmail.com,ghghjgh,jhghjhj
anaghatmohan@gmail.com,hjjhj,hkjlkjkj
sjhj@gmail.coms,jhdj,dkjsdkdj
sjhj@gmail.coms,jhdj,dnmdcnmc
sjhj@gmail.coms,jhdj,dnmdcnmc
sjhj@gmail.coms,jhdj,dnmdcnmc
sjhj@gmail.coms,jhdj,dnmdcnmc
sjhj@gmail.coms,hdj,jkhdjkshdkdhkd
sjhdhj@dh.com,hshhj,dnjdjd
sjhdhj@dh.com,hshhj,dnjdjd
sjhdhj@dh.com,hshhj,dnjdjd
sjhj@gmail.coms,jdjhk,ldjkjdkjdkjdkd
sjhdhj@dh.com,kcdjjsjkd,jdjshdjdhjd
sjhdhj@dh.com,djkhjdhdj,jhjdhjdhsdjdhjd
sjhj@gmail.coms,hshh,kndndnd
sjhj@gmail.com,hshhj,jdmd
vineethpv.career@gmail.com,jdjd`,jdshjdh
vineethpv.career@gmail.com,ddjhdjh,jdhdjhdjd
vineethpv.career@gmail.com,jkdhjdh,jdhjddj
sd@gmail.com,dhhdjhdjhd,dghgdhgdhd
vineethpv.career@gmail.com,dhhdhdgh,hdghdghdghdgdhgdh
vineethpv.career@gmail.com,uhdjhdjdh,idihdjhdjhjd
sjhj@gmail.coms,ddf,sddfda
sjhj@gmail.coms,hdjdjk,hsjdhjd
vineethpv.career@gmail.com,djdjh,djhjdhjd
sjhdhj@dh.com,hshha,dsa
sjhdhj@dh.com,asdasdsadasd,asdddddddddddasd
sjhdhj@dh.comd,fdsfdsf,dsfds
sjhdhj@dh.coma,dafaf,sfdf
sjhj@gmail.coms,asdsadasasd,Anagha
sdffdsfs@dsffdsf.com,dsfsdfvdf,sdfhksjfhsdlj
anaghatmohan@gmail.com,hello madam,how are you doing Today
anaghatmohan@gmail.com,hello madam,how are you doing
anaghatmohan@gmail.com,hello,how are you
anaghatmohan@gmail.com,hello,how
sdffdsfs@dsffdsf.com,hdj,bjhhjhjh
